ALABAMA	14269
Autauga, AL	107
Baldwin, AL	180
Barbour, AL	30
Bibb, AL	22
Blount, AL	105
Bullock, AL	1
Butler, AL	46
Calhoun, AL	368
Chambers, AL	33
Cherokee, AL	20
Chilton, AL	32
Choctaw, AL	3
Clarke, AL	20
Clay, AL	14
Cleburne, AL	55
Coffee, AL	44
Colbert, AL	82
Conecuh, AL	8
Coosa, AL	19
Covington, AL	32
Crenshaw, AL	19
Cullman, AL	219
Dale, AL	80
Dallas, AL	219
DeKalb, AL	19
Elmore, AL	80
Escambia, AL	41
Etowah, AL	299
Fayette, AL	42
Franklin, AL	20
Geneva, AL	37
Greene, AL	21
Hale, AL	24
Henry, AL	27
Houston, AL	178
Jackson, AL	170
Jefferson, AL	4008
Lamar, AL	10
Lauderdale, AL	88
Lawrence, AL	42
Lee, AL	199
Limestone, AL	83
Lowndes, AL	56
Macon, AL	47
Madison, AL	1146
Marengo, AL	24
Marion, AL	36
Marshall, AL	207
Mobile, AL	1913
Monroe, AL	42
Montgomery, AL	1860
Morgan, AL	213
Perry, AL	22
Pickens, AL	11
Pike, AL	70
Randolph, AL	37
Russell, AL	105
St. Clair, AL	84
Shelby, AL	177
Sumter, AL	12
Talladega, AL	169
Tallapoosa, AL	45
Tuscaloosa, AL	546
Walker, AL	249
Washington, AL	25
Wilcox, AL	12
Winston, AL	15
ALASKA	2405
Aleutians East, AK	0
Aleutians West, AK	6
Anchorage, AK	1219
Bethel, AK	141
Bristol Bay, AK	12
Denali, AK	0
Dillingham, AK	6
Fairbanks North Star, AK	146
Haines, AK	2
Hoonah-Angoon, AK	1
Juneau, AK	32
Kenai Peninsula, AK	84
Ketchikan Gateway, AK	32
Kodiak Island, AK	19
Lake and Peninsula, AK	0
Matanuska-Susitna, AK	56
Nome, AK	0
North Slope, AK	32
Northwest Arctic, AK	3
Petersburg, AK	8
Prince of Wales-Hyder, AK	3
Sitka, AK	32
Skagway, AK	0
Southeast Fairbanks, AK	0
Valdez-Cordova, AK	2
Wade Hampton, AK	0
Wrangell, AK	0
Yakutat, AK	0
Yukon-Koyukuk, AK	0
ARIZONA	56219
Apache, AZ	28
Cochise, AZ	475
Coconino, AZ	296
Gila, AZ	113
Graham, AZ	47
Greenlee, AZ	0
La Paz, AZ	45
Maricopa, AZ	43317
Mohave, AZ	756
Navajo, AZ	119
Pima, AZ	8438
Pinal, AZ	1186
Santa Cruz, AZ	182
Yavapai, AZ	493
Yuma, AZ	724
ARKANSAS	5446
Arkansas, AR	14
Ashley, AR	30
Baxter, AR	42
Benton, AR	163
Boone, AR	23
Bradley, AR	1
Calhoun, AR	0
Carroll, AR	33
Chicot, AR	8
Clark, AR	10
Clay, AR	9
Cleburne, AR	17
Cleveland, AR	14
Columbia, AR	30
Conway, AR	18
Craighead, AR	182
Crawford, AR	45
Crittenden, AR	68
Cross, AR	30
Dallas, AR	2
Desha, AR	17
Drew, AR	8
Faulkner, AR	163
Franklin, AR	3
Fulton, AR	2
Garland, AR	231
Grant, AR	2
Greene, AR	53
Hempstead, AR	47
Hot Spring, AR	36
Howard, AR	2
Independence, AR	44
Izard, AR	10
Jackson, AR	55
Jefferson, AR	410
Johnson, AR	4
Lafayette, AR	1
Lawrence, AR	6
Lee, AR	7
Lincoln, AR	3
Little River, AR	1
Logan, AR	6
Lonoke, AR	29
Madison, AR	6
Marion, AR	0
Miller, AR	127
Mississippi, AR	116
Monroe, AR	0
Montgomery, AR	12
Nevada, AR	0
Newton, AR	0
Ouachita, AR	31
Perry, AR	2
Phillips, AR	4
Pike, AR	0
Poinsett, AR	11
Polk, AR	3
Pope, AR	13
Prairie, AR	17
Pulaski, AR	2232
Randolph, AR	0
St. Francis, AR	42
Saline, AR	165
Scott, AR	7
Searcy, AR	0
Sebastian, AR	306
Sevier, AR	2
Sharp, AR	3
Stone, AR	0
Union, AR	79
Van Buren, AR	9
Washington, AR	314
White, AR	64
Woodruff, AR	1
Yell, AR	1
CALIFORNIA	240782
Alameda, CA	13491
Alpine, CA	2
Amador, CA	92
Butte, CA	1275
Calaveras, CA	137
Colusa, CA	70
Contra Costa, CA	9724
Del Norte, CA	112
El Dorado, CA	446
Fresno, CA	8385
Glenn, CA	135
Humboldt, CA	619
Imperial, CA	843
Inyo, CA	26
Kern, CA	4451
Kings, CA	519
Lake, CA	184
Lassen, CA	55
Los Angeles, CA	75236
Madera, CA	841
Marin, CA	966
Mariposa, CA	21
Mendocino, CA	166
Merced, CA	1526
Modoc, CA	18
Mono, CA	13
Monterey, CA	2049
Napa, CA	372
Nevada, CA	205
Orange, CA	11281
Placer, CA	963
Plumas, CA	47
Riverside, CA	11074
Sacramento, CA	15283
San Benito, CA	160
San Bernardino, CA	15970
San Diego, CA	23465
San Francisco, CA	7136
San Joaquin, CA	6819
San Luis Obispo, CA	494
San Mateo, CA	2316
Santa Barbara, CA	463
Santa Clara, CA	5497
Santa Cruz, CA	695
Shasta, CA	643
Sierra, CA	0
Siskiyou, CA	67
Solano, CA	2559
Sonoma, CA	1543
Stanislaus, CA	5451
Sutter, CA	323
Tehama, CA	212
Trinity, CA	41
Tulare, CA	2735
Tuolumne, CA	277
Ventura, CA	1720
Yolo, CA	1020
Yuba, CA	549
COLORADO	21381
Adams, CO	2779
Alamosa, CO	21
Arapahoe, CO	3576
Archuleta, CO	13
Baca, CO	2
Bent, CO	2
Boulder, CO	383
Broomfield, CO	95
Chaffee, CO	8
Cheyenne, CO	3
Clear Creek, CO	15
Conejos, CO	0
Costilla, CO	0
Crowley, CO	0
Custer, CO	1
Delta, CO	39
Denver, CO	7179
Dolores, CO	2
Douglas, CO	378
Eagle, CO	46
Elbert, CO	4
El Paso, CO	1930
Fremont, CO	49
Garfield, CO	61
Gilpin, CO	3
Grand, CO	14
Gunnison, CO	16
Hinsdale, CO	3
Huerfano, CO	3
Jackson, CO	1
Jefferson, CO	2406
Kiowa, CO	0
Kit Carson, CO	5
Lake, CO	6
La Plata, CO	79
Larimer, CO	454
Las Animas, CO	7
Lincoln, CO	3
Logan, CO	4
Mesa, CO	274
Mineral, CO	0
Moffat, CO	15
Montezuma, CO	52
Montrose, CO	48
Morgan, CO	23
Otero, CO	17
Ouray, CO	0
Park, CO	3
Phillips, CO	1
Pitkin, CO	31
Prowers, CO	13
Pueblo, CO	449
Rio Blanco, CO	7
Rio Grande, CO	9
Routt, CO	27
Saguache, CO	2
San Juan, CO	2
San Miguel, CO	12
Sedgwick, CO	6
Summit, CO	42
Teller, CO	14
Washington, CO	5
Weld, CO	734
Yuma, CO	5
CONNECTICUT	10762
Fairfield, CT	2592
Hartford, CT	4217
Litchfield, CT	153
Middlesex, CT	186
New Haven, CT	3260
New London, CT	216
Tolland, CT	63
Windham, CT	73
DELAWARE	2944
Kent, DE	269
New Castle, DE	2455
Sussex, DE	220
DISTRICT OF COLUMBIA	9906
District of Columbia	9906
FLORIDA	81536
Alachua, FL	877
Baker, FL	42
Bay, FL	450
Bradford, FL	48
Brevard, FL	1324
Broward, FL	7487
Calhoun, FL	11
Charlotte, FL	248
Citrus, FL	154
Clay, FL	262
Collier, FL	460
Columbia, FL	184
DeSoto, FL	59
Dixie, FL	21
Duval, FL	4999
Escambia, FL	736
Flagler, FL	83
Franklin, FL	19
Gadsden, FL	75
Gilchrist, FL	22
Glades, FL	11
Gulf, FL	15
Hamilton, FL	49
Hardee, FL	64
Hendry, FL	103
Hernando, FL	319
Highlands, FL	167
Hillsborough, FL	9599
Holmes, FL	13
Indian River, FL	220
Jackson, FL	64
Jefferson, FL	18
Lafayette, FL	6
Lake, FL	506
Lee, FL	1956
Leon, FL	927
Levy, FL	84
Liberty, FL	6
Madison, FL	30
Manatee, FL	1149
Marion, FL	588
Martin, FL	230
Miami-Dade, FL	20650
Monroe, FL	308
Nassau, FL	130
Okaloosa, FL	294
Okeechobee, FL	63
Orange, FL	6335
Osceola, FL	607
Palm Beach, FL	7435
Pasco, FL	971
Pinellas, FL	3945
Polk, FL	1809
Putnam, FL	238
St. Johns, FL	220
St. Lucie, FL	587
Santa Rosa, FL	107
Sarasota, FL	750
Seminole, FL	898
Sumter, FL	85
Suwannee, FL	87
Taylor, FL	55
Union, FL	21
Volusia, FL	2098
Wakulla, FL	46
Walton, FL	78
Washington, FL	34
GEORGIA	41345
Appling, GA	17
Atkinson, GA	6
Bacon, GA	19
Baker, GA	0
Baldwin, GA	46
Banks, GA	46
Barrow, GA	239
Bartow, GA	450
Ben Hill, GA	20
Berrien, GA	4
Bibb, GA	1325
Bleckley, GA	18
Brantley, GA	32
Brooks, GA	30
Bryan, GA	31
Bulloch, GA	86
Burke, GA	47
Butts, GA	90
Calhoun, GA	6
Camden, GA	72
Candler, GA	21
Carroll, GA	233
Catoosa, GA	147
Charlton, GA	10
Chatham, GA	1726
Chattahoochee, GA	3
Chattooga, GA	6
Cherokee, GA	97
Clarke, GA	406
Clay, GA	0
Clayton, GA	2238
Clinch, GA	3
Cobb, GA	2375
Coffee, GA	121
Colquitt, GA	183
Columbia, GA	87
Cook, GA	10
Coweta, GA	254
Crawford, GA	29
Crisp, GA	49
Dade, GA	19
Dawson, GA	51
Decatur, GA	47
DeKalb, GA	8199
Dodge, GA	16
Dooly, GA	5
Dougherty, GA	433
Douglas, GA	399
Early, GA	10
Echols, GA	0
Effingham, GA	91
Elbert, GA	32
Emanuel, GA	26
Evans, GA	0
Fannin, GA	2
Fayette, GA	151
Floyd, GA	316
Forsyth, GA	236
Franklin, GA	87
Fulton, GA	9737
Gilmer, GA	21
Glascock, GA	0
Glynn, GA	196
Gordon, GA	96
Grady, GA	35
Greene, GA	20
Gwinnett, GA	2399
Habersham, GA	76
Hall, GA	556
Hancock, GA	0
Haralson, GA	154
Harris, GA	37
Hart, GA	45
Heard, GA	16
Henry, GA	308
Houston, GA	293
Irwin, GA	12
Jackson, GA	106
Jasper, GA	0
Jeff Davis, GA	35
Jefferson, GA	25
Jenkins, GA	8
Johnson, GA	4
Jones, GA	69
Lamar, GA	26
Lanier, GA	2
Laurens, GA	87
Lee, GA	34
Liberty, GA	105
Lincoln, GA	7
Long, GA	9
Lowndes, GA	220
Lumpkin, GA	22
McDuffie, GA	46
McIntosh, GA	26
Macon, GA	18
Madison, GA	72
Marion, GA	1
Meriwether, GA	99
Miller, GA	9
Mitchell, GA	36
Monroe, GA	37
Montgomery, GA	0
Morgan, GA	19
Murray, GA	64
Muscogee, GA	1219
Newton, GA	256
Oconee, GA	29
Oglethorpe, GA	29
Paulding, GA	346
Peach, GA	71
Pickens, GA	74
Pierce, GA	10
Pike, GA	35
Polk, GA	59
Pulaski, GA	9
Putnam, GA	20
Quitman, GA	3
Rabun, GA	29
Randolph, GA	0
Richmond, GA	1166
Rockdale, GA	347
Schley, GA	6
Screven, GA	8
Seminole, GA	2
Spalding, GA	252
Stephens, GA	63
Stewart, GA	1
Sumter, GA	50
Talbot, GA	7
Taliaferro, GA	0
Tattnall, GA	18
Taylor, GA	0
Telfair, GA	8
Terrell, GA	12
Thomas, GA	78
Tift, GA	104
Toombs, GA	21
Towns, GA	6
Treutlen, GA	2
Troup, GA	178
Turner, GA	10
Twiggs, GA	1
Union, GA	0
Upson, GA	45
Walker, GA	91
Walton, GA	145
Ware, GA	103
Warren, GA	5
Washington, GA	28
Wayne, GA	2
Webster, GA	0
Wheeler, GA	2
White, GA	62
Whitfield, GA	403
Wilcox, GA	0
Wilkes, GA	11
Wilkinson, GA	10
Worth, GA	20
HAWAII	9651
Hawaii, HI	477
Honolulu, HI	8253
Kalawao, HI	0
Kauai, HI	159
Maui, HI	762
IDAHO	2626
Ada, ID	692
Adams, ID	3
Bannock, ID	107
Bear Lake, ID	0
Benewah, ID	14
Bingham, ID	49
Blaine, ID	27
Boise, ID	5
Bonner, ID	57
Bonneville, ID	201
Boundary, ID	6
Butte, ID	1
Camas, ID	0
Canyon, ID	549
Caribou, ID	8
Cassia, ID	39
Clark, ID	4
Clearwater, ID	5
Custer, ID	13
Elmore, ID	53
Franklin, ID	4
Fremont, ID	5
Gem, ID	8
Gooding, ID	17
Idaho, ID	13
Jefferson, ID	3
Jerome, ID	52
Kootenai, ID	248
Latah, ID	33
Lemhi, ID	0
Lewis, ID	4
Lincoln, ID	1
Madison, ID	21
Minidoka, ID	29
Nez Perce, ID	69
Oneida, ID	3
Owyhee, ID	17
Payette, ID	32
Power, ID	7
Shoshone, ID	21
Teton, ID	1
Twin Falls, ID	180
Valley, ID	15
Washington, ID	10
ILLINOIS	25795
Adams, IL	0
Alexander, IL	0
Bond, IL	0
Boone, IL	0
Brown, IL	0
Bureau, IL	0
Calhoun, IL	0
Carroll, IL	0
Cass, IL	0
Champaign, IL	0
Christian, IL	0
Clark, IL	0
Clay, IL	0
Clinton, IL	0
Coles, IL	0
Cook, IL	22779
Crawford, IL	0
Cumberland, IL	0
DeKalb, IL	0
De Witt, IL	0
Douglas, IL	0
DuPage, IL	154
Edgar, IL	0
Edwards, IL	0
Effingham, IL	0
Fayette, IL	0
Ford, IL	0
Franklin, IL	0
Fulton, IL	0
Gallatin, IL	0
Greene, IL	0
Grundy, IL	0
Hamilton, IL	0
Hancock, IL	0
Hardin, IL	0
Henderson, IL	0
Henry, IL	0
Iroquois, IL	0
Jackson, IL	0
Jasper, IL	0
Jefferson, IL	0
Jersey, IL	0
Jo Daviess, IL	0
Johnson, IL	0
Kane, IL	249
Kankakee, IL	0
Kendall, IL	2
Knox, IL	0
Lake, IL	0
LaSalle, IL	0
Lawrence, IL	0
Lee, IL	0
Livingston, IL	0
Logan, IL	0
McDonough, IL	0
McHenry, IL	0
McLean, IL	0
Macon, IL	0
Macoupin, IL	0
Madison, IL	0
Marion, IL	0
Marshall, IL	0
Mason, IL	0
Massac, IL	0
Menard, IL	0
Mercer, IL	0
Monroe, IL	0
Montgomery, IL	0
Morgan, IL	0
Moultrie, IL	0
Ogle, IL	0
Peoria, IL	720
Perry, IL	0
Piatt, IL	0
Pike, IL	0
Pope, IL	0
Pulaski, IL	0
Putnam, IL	0
Randolph, IL	0
Richland, IL	0
Rock Island, IL	0
St. Clair, IL	0
Saline, IL	0
Sangamon, IL	407
Schuyler, IL	0
Scott, IL	0
Shelby, IL	0
Stark, IL	0
Stephenson, IL	0
Tazewell, IL	0
Union, IL	0
Vermilion, IL	0
Wabash, IL	0
Warren, IL	0
Washington, IL	0
Wayne, IL	0
White, IL	0
Whiteside, IL	0
Will, IL	320
Williamson, IL	0
Winnebago, IL	1164
Woodford, IL	0
INDIANA	18757
Adams, IN	16
Allen, IN	957
Bartholomew, IN	83
Benton, IN	0
Blackford, IN	17
Boone, IN	7
Brown, IN	1
Carroll, IN	3
Cass, IN	69
Clark, IN	385
Clay, IN	21
Clinton, IN	62
Crawford, IN	3
Daviess, IN	18
Dearborn, IN	50
Decatur, IN	4
DeKalb, IN	32
Delaware, IN	301
Dubois, IN	24
Elkhart, IN	630
Fayette, IN	33
Floyd, IN	229
Fountain, IN	4
Franklin, IN	19
Fulton, IN	0
Gibson, IN	10
Grant, IN	127
Greene, IN	23
Hamilton, IN	147
Hancock, IN	39
Harrison, IN	81
Hendricks, IN	150
Henry, IN	125
Howard, IN	193
Huntington, IN	26
Jackson, IN	71
Jasper, IN	16
Jay, IN	5
Jefferson, IN	56
Jennings, IN	29
Johnson, IN	150
Knox, IN	99
Kosciusko, IN	54
LaGrange, IN	13
Lake, IN	3438
LaPorte, IN	321
Lawrence, IN	33
Madison, IN	72
Marion, IN	7790
Marshall, IN	26
Martin, IN	15
Miami, IN	5
Monroe, IN	163
Montgomery, IN	19
Morgan, IN	67
Newton, IN	9
Noble, IN	51
Ohio, IN	0
Orange, IN	2
Owen, IN	2
Parke, IN	2
Perry, IN	16
Pike, IN	0
Porter, IN	245
Posey, IN	17
Pulaski, IN	13
Putnam, IN	36
Randolph, IN	24
Ripley, IN	18
Rush, IN	2
St. Joseph, IN	860
Scott, IN	15
Shelby, IN	40
Spencer, IN	3
Starke, IN	85
Steuben, IN	47
Sullivan, IN	2
Switzerland, IN	4
Tippecanoe, IN	227
Tipton, IN	6
Union, IN	14
Vanderburgh, IN	353
Vermillion, IN	10
Vigo, IN	45
Wabash, IN	17
Warren, IN	3
Warrick, IN	21
Washington, IN	0
Wayne, IN	194
Wells, IN	27
White, IN	14
Whitley, IN	2
IOWA	5527
Adair, IA	5
Adams, IA	6
Allamakee, IA	0
Appanoose, IA	29
Audubon, IA	2
Benton, IA	6
Black Hawk, IA	294
Boone, IA	25
Bremer, IA	11
Buchanan, IA	23
Buena Vista, IA	20
Butler, IA	6
Calhoun, IA	6
Carroll, IA	23
Cass, IA	16
Cedar, IA	9
Cerro Gordo, IA	48
Cherokee, IA	7
Chickasaw, IA	4
Clarke, IA	13
Clay, IA	29
Clayton, IA	8
Clinton, IA	4
Crawford, IA	16
Dallas, IA	44
Davis, IA	2
Decatur, IA	0
Delaware, IA	5
Des Moines, IA	51
Dickinson, IA	5
Dubuque, IA	131
Emmet, IA	18
Fayette, IA	10
Floyd, IA	6
Franklin, IA	7
Fremont, IA	0
Greene, IA	2
Grundy, IA	2
Guthrie, IA	1
Hamilton, IA	21
Hancock, IA	7
Hardin, IA	13
Harrison, IA	20
Henry, IA	6
Howard, IA	8
Humboldt, IA	2
Ida, IA	4
Iowa, IA	9
Jackson, IA	17
Jasper, IA	40
Jefferson, IA	24
Johnson, IA	139
Jones, IA	7
Keokuk, IA	1
Kossuth, IA	14
Lee, IA	61
Linn, IA	369
Louisa, IA	11
Lucas, IA	14
Lyon, IA	10
Madison, IA	9
Mahaska, IA	32
Marion, IA	25
Marshall, IA	102
Mills, IA	72
Mitchell, IA	3
Monona, IA	7
Monroe, IA	5
Montgomery, IA	14
Muscatine, IA	44
O'Brien, IA	14
Osceola, IA	6
Page, IA	20
Palo Alto, IA	2
Plymouth, IA	19
Pocahontas, IA	0
Polk, IA	1216
Pottawattamie, IA	959
Poweshiek, IA	23
Ringgold, IA	0
Sac, IA	3
Scott, IA	444
Shelby, IA	4
Sioux, IA	9
Story, IA	123
Tama, IA	6
Taylor, IA	1
Union, IA	11
Van Buren, IA	4
Wapello, IA	66
Warren, IA	51
Washington, IA	7
Wayne, IA	3
Webster, IA	149
Winnebago, IA	1
Winneshiek, IA	1
Woodbury, IA	373
Worth, IA	0
Wright, IA	8
KANSAS	4904
Allen, KS	20
Anderson, KS	10
Atchison, KS	21
Barber, KS	4
Barton, KS	33
Bourbon, KS	42
Brown, KS	5
Butler, KS	87
Chase, KS	1
Chautauqua, KS	4
Cherokee, KS	47
Cheyenne, KS	3
Clark, KS	1
Clay, KS	8
Cloud, KS	9
Coffey, KS	6
Comanche, KS	1
Cowley, KS	45
Crawford, KS	113
Decatur, KS	7
Dickinson, KS	19
Doniphan, KS	14
Douglas, KS	202
Edwards, KS	3
Elk, KS	1
Ellis, KS	38
Ellsworth, KS	5
Finney, KS	115
Ford, KS	82
Franklin, KS	44
Geary, KS	45
Gove, KS	0
Graham, KS	1
Grant, KS	2
Gray, KS	0
Greeley, KS	1
Greenwood, KS	5
Hamilton, KS	5
Harper, KS	3
Harvey, KS	25
Haskell, KS	1
Hodgeman, KS	2
Jackson, KS	22
Jefferson, KS	29
Jewell, KS	0
Johnson, KS	435
Kearny, KS	7
Kingman, KS	5
Kiowa, KS	1
Labette, KS	28
Lane, KS	0
Leavenworth, KS	142
Lincoln, KS	7
Linn, KS	16
Logan, KS	1
Lyon, KS	67
McPherson, KS	18
Marion, KS	4
Marshall, KS	4
Meade, KS	2
Miami, KS	54
Mitchell, KS	8
Montgomery, KS	62
Morris, KS	8
Morton, KS	2
Nemaha, KS	9
Neosho, KS	20
Ness, KS	1
Norton, KS	2
Osage, KS	25
Osborne, KS	4
Ottawa, KS	0
Pawnee, KS	4
Phillips, KS	1
Pottawatomie, KS	25
Pratt, KS	8
Rawlins, KS	2
Reno, KS	115
Republic, KS	6
Rice, KS	11
Riley, KS	71
Rooks, KS	1
Rush, KS	2
Russell, KS	13
Saline, KS	112
Scott, KS	10
Sedgwick, KS	1582
Seward, KS	62
Shawnee, KS	634
Sheridan, KS	3
Sherman, KS	13
Smith, KS	1
Stafford, KS	0
Stanton, KS	0
Stevens, KS	12
Sumner, KS	32
Thomas, KS	16
Trego, KS	2
Wabaunsee, KS	6
Wallace, KS	1
Washington, KS	4
Wichita, KS	4
Wilson, KS	14
Woodson, KS	6
Wyandotte, KS	68
KENTUCKY	3360
Adair, KY	0
Allen, KY	0
Anderson, KY	0
Ballard, KY	0
Barren, KY	0
Bath, KY	0
Bell, KY	0
Boone, KY	163
Bourbon, KY	0
Boyd, KY	48
Boyle, KY	0
Bracken, KY	0
Breathitt, KY	0
Breckinridge, KY	0
Bullitt, KY	7
Butler, KY	0
Caldwell, KY	0
Calloway, KY	22
Campbell, KY	25
Carlisle, KY	0
Carroll, KY	10
Carter, KY	0
Casey, KY	0
Christian, KY	74
Clark, KY	0
Clay, KY	0
Clinton, KY	0
Crittenden, KY	0
Cumberland, KY	0
Daviess, KY	126
Edmonson, KY	0
Elliott, KY	0
Estill, KY	0
Fayette, KY	766
Fleming, KY	0
Floyd, KY	0
Franklin, KY	0
Fulton, KY	0
Gallatin, KY	0
Garrard, KY	0
Grant, KY	0
Graves, KY	0
Grayson, KY	0
Green, KY	0
Greenup, KY	0
Hancock, KY	0
Hardin, KY	20
Harlan, KY	0
Harrison, KY	0
Hart, KY	0
Henderson, KY	0
Henry, KY	0
Hickman, KY	0
Hopkins, KY	68
Jackson, KY	0
Jefferson, KY	1549
Jessamine, KY	0
Johnson, KY	0
Kenton, KY	17
Knott, KY	0
Knox, KY	0
Larue, KY	0
Laurel, KY	0
Lawrence, KY	0
Lee, KY	0
Leslie, KY	0
Letcher, KY	0
Lewis, KY	0
Lincoln, KY	0
Livingston, KY	0
Logan, KY	12
Lyon, KY	5
McCracken, KY	141
McCreary, KY	0
McLean, KY	0
Madison, KY	86
Magoffin, KY	0
Marion, KY	0
Marshall, KY	44
Martin, KY	0
Mason, KY	0
Meade, KY	0
Menifee, KY	0
Mercer, KY	0
Metcalfe, KY	0
Monroe, KY	0
Montgomery, KY	0
Morgan, KY	0
Muhlenberg, KY	0
Nelson, KY	0
Nicholas, KY	0
Ohio, KY	0
Oldham, KY	0
Owen, KY	0
Owsley, KY	0
Pendleton, KY	0
Perry, KY	0
Pike, KY	0
Powell, KY	0
Pulaski, KY	0
Robertson, KY	0
Rockcastle, KY	0
Rowan, KY	11
Russell, KY	0
Scott, KY	0
Shelby, KY	0
Simpson, KY	0
Spencer, KY	0
Taylor, KY	0
Todd, KY	0
Trigg, KY	0
Trimble, KY	0
Union, KY	0
Warren, KY	150
Washington, KY	0
Wayne, KY	0
Webster, KY	0
Whitley, KY	0
Wolfe, KY	0
Woodford, KY	16
LOUISIANA	18913
Acadia, LA	53
Allen, LA	0
Ascension, LA	294
Assumption, LA	26
Avoyelles, LA	13
Beauregard, LA	38
Bienville, LA	2
Bossier, LA	364
Caddo, LA	1645
Calcasieu, LA	457
Caldwell, LA	4
Cameron, LA	24
Catahoula, LA	10
Claiborne, LA	16
Concordia, LA	16
De Soto, LA	53
East Baton Rouge, LA	2260
East Carroll, LA	9
East Feliciana, LA	1
Evangeline, LA	39
Franklin, LA	14
Grant, LA	33
Iberia, LA	107
Iberville, LA	18
Jackson, LA	4
Jefferson, LA	2725
Jefferson Davis, LA	62
Lafayette, LA	635
Lafourche, LA	118
La Salle, LA	8
Lincoln, LA	67
Livingston, LA	82
Madison, LA	23
Morehouse, LA	33
Natchitoches, LA	91
Orleans, LA	6909
Ouachita, LA	168
Plaquemines, LA	59
Pointe Coupee, LA	44
Rapides, LA	361
Red River, LA	12
Richland, LA	16
Sabine, LA	11
St. Bernard, LA	195
St. Charles, LA	101
St. Helena, LA	18
St. James, LA	38
St. John the Baptist, LA	115
St. Landry, LA	157
St. Martin, LA	2
St. Mary, LA	141
St. Tammany, LA	462
Tangipahoa, LA	170
Tensas, LA	7
Terrebonne, LA	316
Union, LA	13
Vermilion, LA	25
Vernon, LA	25
Washington, LA	98
Webster, LA	28
West Baton Rouge, LA	47
West Carroll, LA	28
West Feliciana, LA	3
Winn, LA	0
MAINE	1456
Androscoggin, ME	133
Aroostook, ME	57
Cumberland, ME	374
Franklin, ME	40
Hancock, ME	46
Kennebec, ME	123
Knox, ME	48
Lincoln, ME	26
Oxford, ME	70
Penobscot, ME	153
Piscataquis, ME	22
Sagadahoc, ME	30
Somerset, ME	65
Waldo, ME	36
Washington, ME	30
York, ME	203
MARYLAND	36405
Allegany, MD	92
Anne Arundel, MD	1441
Baltimore, MD	3341
Calvert, MD	83
Caroline, MD	77
Carroll, MD	143
Cecil, MD	200
Charles, MD	585
Dorchester, MD	74
Frederick, MD	240
Garrett, MD	22
Harford, MD	330
Howard, MD	682
Kent, MD	21
Montgomery, MD	3676
Prince George's, MD	17628
Queen Anne's, MD	37
St. Mary's, MD	127
Somerset, MD	39
Talbot, MD	27
Washington, MD	273
Wicomico, MD	144
Worcester, MD	93
Baltimore city, MD	7030
MASSACHUSETTS	24876
Barnstable, MA	277
Berkshire, MA	252
Bristol, MA	1778
Dukes, MA	9
Essex, MA	3136
Franklin, MA	70
Hampden, MA	3707
Hampshire, MA	251
Middlesex, MA	3407
Nantucket, MA	11
Norfolk, MA	924
Plymouth, MA	1598
Suffolk, MA	7265
Worcester, MA	2191
MICHIGAN	53344
Alcona, MI	5
Alger, MI	12
Allegan, MI	115
Alpena, MI	28
Antrim, MI	13
Arenac, MI	13
Baraga, MI	9
Barry, MI	57
Bay, MI	226
Benzie, MI	15
Berrien, MI	343
Branch, MI	53
Calhoun, MI	465
Cass, MI	79
Charlevoix, MI	12
Cheboygan, MI	37
Chippewa, MI	60
Clare, MI	70
Clinton, MI	80
Crawford, MI	29
Delta, MI	25
Dickinson, MI	24
Eaton, MI	168
Emmet, MI	28
Genesee, MI	2330
Gladwin, MI	25
Gogebic, MI	4
Grand Traverse, MI	84
Gratiot, MI	22
Hillsdale, MI	58
Houghton, MI	37
Huron, MI	19
Ingham, MI	727
Ionia, MI	61
Iosco, MI	36
Iron, MI	14
Isabella, MI	96
Jackson, MI	336
Kalamazoo, MI	823
Kalkaska, MI	30
Kent, MI	1296
Keweenaw, MI	0
Lake, MI	13
Lapeer, MI	85
Leelanau, MI	13
Lenawee, MI	89
Livingston, MI	236
Luce, MI	4
Mackinac, MI	17
Macomb, MI	3853
Manistee, MI	17
Marquette, MI	68
Mason, MI	28
Mecosta, MI	76
Menominee, MI	34
Midland, MI	53
Missaukee, MI	16
Monroe, MI	308
Montcalm, MI	102
Montmorency, MI	8
Muskegon, MI	666
Newaygo, MI	51
Oakland, MI	3988
Oceana, MI	38
Ogemaw, MI	38
Ontonagon, MI	7
Osceola, MI	32
Oscoda, MI	14
Otsego, MI	49
Ottawa, MI	251
Presque Isle, MI	6
Roscommon, MI	51
Saginaw, MI	527
St. Clair, MI	304
St. Joseph, MI	115
Sanilac, MI	47
Schoolcraft, MI	6
Shiawassee, MI	88
Tuscola, MI	50
Van Buren, MI	152
Washtenaw, MI	1062
Wayne, MI	32759
Wexford, MI	59
MINNESOTA	13000
Aitkin, MN	40
Anoka, MN	223
Becker, MN	87
Beltrami, MN	114
Benton, MN	56
Big Stone, MN	12
Blue Earth, MN	102
Brown, MN	18
Carlton, MN	60
Carver, MN	75
Cass, MN	116
Chippewa, MN	5
Chisago, MN	110
Clay, MN	70
Clearwater, MN	25
Cook, MN	11
Cottonwood, MN	7
Crow Wing, MN	141
Dakota, MN	494
Dodge, MN	18
Douglas, MN	32
Faribault, MN	23
Fillmore, MN	11
Freeborn, MN	41
Goodhue, MN	100
Grant, MN	7
Hennepin, MN	5072
Houston, MN	15
Hubbard, MN	57
Isanti, MN	64
Itasca, MN	40
Jackson, MN	17
Kanabec, MN	34
Kandiyohi, MN	55
Kittson, MN	3
Koochiching, MN	19
Lac qui Parle, MN	1
Lake, MN	7
Lake of the Woods, MN	6
Le Sueur, MN	23
Lincoln, MN	0
Lyon, MN	25
McLeod, MN	50
Mahnomen, MN	20
Marshall, MN	6
Martin, MN	25
Meeker, MN	28
Mille Lacs, MN	111
Morrison, MN	59
Mower, MN	75
Murray, MN	9
Nicollet, MN	39
Nobles, MN	15
Norman, MN	3
Olmsted, MN	209
Otter Tail, MN	79
Pennington, MN	18
Pine, MN	92
Pipestone, MN	1
Polk, MN	40
Pope, MN	11
Ramsey, MN	2756
Red Lake, MN	0
Redwood, MN	33
Renville, MN	24
Rice, MN	97
Rock, MN	4
Roseau, MN	15
St. Louis, MN	567
Scott, MN	160
Sherburne, MN	99
Sibley, MN	2
Stearns, MN	172
Steele, MN	38
Stevens, MN	2
Swift, MN	18
Todd, MN	19
Traverse, MN	2
Wabasha, MN	14
Wadena, MN	24
Waseca, MN	19
Washington, MN	387
Watonwan, MN	6
Wilkin, MN	9
Winona, MN	57
Wright, MN	147
Yellow Medicine, MN	3
MISSISSIPPI	7274
Adams, MS	42
Alcorn, MS	37
Amite, MS	0
Attala, MS	7
Benton, MS	0
Bolivar, MS	32
Calhoun, MS	0
Carroll, MS	0
Chickasaw, MS	6
Choctaw, MS	0
Claiborne, MS	1
Clarke, MS	0
Clay, MS	1
Coahoma, MS	38
Copiah, MS	0
Covington, MS	15
DeSoto, MS	508
Forrest, MS	116
Franklin, MS	0
George, MS	6
Greene, MS	0
Grenada, MS	66
Hancock, MS	33
Harrison, MS	799
Hinds, MS	2939
Holmes, MS	8
Humphreys, MS	0
Issaquena, MS	0
Itawamba, MS	0
Jackson, MS	521
Jasper, MS	0
Jefferson, MS	3
Jefferson Davis, MS	0
Jones, MS	22
Kemper, MS	0
Lafayette, MS	18
Lamar, MS	71
Lauderdale, MS	141
Lawrence, MS	0
Leake, MS	0
Lee, MS	156
Leflore, MS	83
Lincoln, MS	70
Lowndes, MS	104
Madison, MS	147
Marion, MS	34
Marshall, MS	82
Monroe, MS	14
Montgomery, MS	0
Neshoba, MS	0
Newton, MS	5
Noxubee, MS	0
Oktibbeha, MS	45
Panola, MS	40
Pearl River, MS	108
Perry, MS	0
Pike, MS	72
Pontotoc, MS	20
Prentiss, MS	4
Quitman, MS	0
Rankin, MS	161
Scott, MS	3
Sharkey, MS	6
Simpson, MS	21
Smith, MS	0
Stone, MS	12
Sunflower, MS	26
Tallahatchie, MS	0
Tate, MS	58
Tippah, MS	12
Tishomingo, MS	1
Tunica, MS	220
Union, MS	28
Walthall, MS	0
Warren, MS	111
Washington, MS	194
Wayne, MS	0
Webster, MS	0
Wilkinson, MS	0
Winston, MS	4
Yalobusha, MS	3
Yazoo, MS	0
MISSOURI	29931
Adair, MO	25
Andrew, MO	9
Atchison, MO	6
Audrain, MO	23
Barry, MO	59
Barton, MO	8
Bates, MO	16
Benton, MO	14
Bollinger, MO	7
Boone, MO	259
Buchanan, MO	284
Butler, MO	73
Caldwell, MO	8
Callaway, MO	58
Camden, MO	56
Cape Girardeau, MO	77
Carroll, MO	10
Carter, MO	4
Cass, MO	182
Cedar, MO	13
Chariton, MO	5
Christian, MO	100
Clark, MO	11
Clay, MO	1387
Clinton, MO	41
Cole, MO	88
Cooper, MO	10
Crawford, MO	53
Dade, MO	8
Dallas, MO	11
Daviess, MO	18
DeKalb, MO	13
Dent, MO	16
Douglas, MO	11
Dunklin, MO	32
Franklin, MO	145
Gasconade, MO	25
Gentry, MO	6
Greene, MO	882
Grundy, MO	10
Harrison, MO	10
Henry, MO	51
Hickory, MO	11
Holt, MO	11
Howard, MO	5
Howell, MO	43
Iron, MO	13
Jackson, MO	5683
Jasper, MO	324
Jefferson, MO	453
Johnson, MO	60
Knox, MO	4
Laclede, MO	58
Lafayette, MO	33
Lawrence, MO	39
Lewis, MO	7
Lincoln, MO	62
Linn, MO	12
Livingston, MO	11
McDonald, MO	57
Macon, MO	24
Madison, MO	11
Maries, MO	1
Marion, MO	9
Mercer, MO	2
Miller, MO	25
Mississippi, MO	14
Moniteau, MO	7
Monroe, MO	4
Montgomery, MO	19
Morgan, MO	17
New Madrid, MO	36
Newton, MO	128
Nodaway, MO	13
Oregon, MO	9
Osage, MO	16
Ozark, MO	8
Pemiscot, MO	36
Perry, MO	15
Pettis, MO	83
Phelps, MO	72
Pike, MO	17
Platte, MO	569
Polk, MO	62
Pulaski, MO	25
Putnam, MO	2
Ralls, MO	8
Randolph, MO	22
Ray, MO	39
Reynolds, MO	9
Ripley, MO	24
St. Charles, MO	442
St. Clair, MO	7
Ste. Genevieve, MO	19
St. Francois, MO	123
St. Louis, MO	4584
Saline, MO	22
Schuyler, MO	1
Scotland, MO	0
Scott, MO	52
Shannon, MO	2
Shelby, MO	2
Stoddard, MO	30
Stone, MO	51
Sullivan, MO	2
Taney, MO	65
Texas, MO	25
Vernon, MO	66
Warren, MO	29
Washington, MO	29
Wayne, MO	18
Webster, MO	39
Worth, MO	0
Wright, MO	21
St. Louis city, MO	11966
MONTANA	1219
Beaverhead, MT	12
Big Horn, MT	18
Blaine, MT	11
Broadwater, MT	6
Carbon, MT	7
Carter, MT	0
Cascade, MT	172
Chouteau, MT	7
Custer, MT	0
Daniels, MT	0
Dawson, MT	9
Deer Lodge, MT	4
Fallon, MT	3
Fergus, MT	12
Flathead, MT	47
Gallatin, MT	92
Garfield, MT	0
Glacier, MT	19
Golden Valley, MT	3
Granite, MT	5
Hill, MT	47
Jefferson, MT	13
Judith Basin, MT	4
Lake, MT	65
Lewis and Clark, MT	24
Liberty, MT	0
Lincoln, MT	25
McCone, MT	1
Madison, MT	9
Meagher, MT	6
Mineral, MT	6
Missoula, MT	0
Musselshell, MT	0
Park, MT	12
Petroleum, MT	0
Phillips, MT	13
Pondera, MT	5
Powder River, MT	0
Powell, MT	7
Prairie, MT	0
Ravalli, MT	25
Richland, MT	0
Roosevelt, MT	2
Rosebud, MT	7
Sanders, MT	17
Sheridan, MT	3
Silver Bow, MT	65
Stillwater, MT	2
Sweet Grass, MT	8
Teton, MT	2
Toole, MT	0
Treasure, MT	0
Valley, MT	12
Wheatland, MT	0
Wibaux, MT	0
Yellowstone, MT	412
Yellowstone National Park, MT	0
NEBRASKA	6033
Adams, NE	48
Antelope, NE	2
Arthur, NE	0
Banner, NE	0
Blaine, NE	0
Boone, NE	1
Box Butte, NE	15
Boyd, NE	1
Brown, NE	4
Buffalo, NE	65
Burt, NE	4
Butler, NE	0
Cass, NE	19
Cedar, NE	0
Chase, NE	3
Cherry, NE	2
Cheyenne, NE	2
Clay, NE	2
Colfax, NE	11
Cuming, NE	1
Custer, NE	10
Dakota, NE	22
Dawes, NE	6
Dawson, NE	46
Deuel, NE	4
Dixon, NE	3
Dodge, NE	63
Douglas, NE	4344
Dundy, NE	2
Fillmore, NE	2
Franklin, NE	0
Frontier, NE	4
Furnas, NE	3
Gage, NE	22
Garden, NE	0
Garfield, NE	0
Gosper, NE	0
Grant, NE	0
Greeley, NE	0
Hall, NE	104
Hamilton, NE	6
Harlan, NE	0
Hayes, NE	0
Hitchcock, NE	1
Holt, NE	2
Hooker, NE	0
Howard, NE	3
Jefferson, NE	10
Johnson, NE	8
Kearney, NE	5
Keith, NE	14
Keya Paha, NE	0
Kimball, NE	2
Knox, NE	5
Lancaster, NE	504
Lincoln, NE	43
Logan, NE	0
Loup, NE	0
McPherson, NE	0
Madison, NE	41
Merrick, NE	5
Morrill, NE	2
Nance, NE	4
Nemaha, NE	6
Nuckolls, NE	0
Otoe, NE	30
Pawnee, NE	4
Perkins, NE	0
Phelps, NE	11
Pierce, NE	2
Platte, NE	31
Polk, NE	7
Red Willow, NE	25
Richardson, NE	10
Rock, NE	0
Saline, NE	16
Sarpy, NE	257
Saunders, NE	28
Scotts Bluff, NE	62
Seward, NE	14
Sheridan, NE	12
Sherman, NE	0
Sioux, NE	0
Stanton, NE	4
Thayer, NE	4
Thomas, NE	0
Thurston, NE	1
Valley, NE	2
Washington, NE	29
Wayne, NE	1
Webster, NE	2
Wheeler, NE	0
York, NE	5
NEVADA	20849
Churchill, NV	66
Clark, NV	18078
Douglas, NV	58
Elko, NV	75
Esmeralda, NV	0
Eureka, NV	4
Humboldt, NV	24
Lander, NV	7
Lincoln, NV	10
Lyon, NV	71
Mineral, NV	2
Nye, NV	69
Pershing, NV	5
Storey, NV	3
Washoe, NV	2194
White Pine, NV	20
Carson City city, NV	163
NEW HAMPSHIRE	1247
Belknap, NH	78
Carroll, NH	58
Cheshire, NH	42
Coos, NH	16
Grafton, NH	45
Hillsborough, NH	455
Merrimack, NH	66
Rockingham, NH	353
Strafford, NH	96
Sullivan, NH	38
NEW JERSEY	34563
Atlantic, NJ	494
Bergen, NJ	1428
Burlington, NJ	712
Camden, NJ	2131
Cape May, NJ	147
Cumberland, NJ	478
Essex, NJ	12363
Gloucester, NJ	524
Hudson, NJ	4078
Hunterdon, NJ	54
Mercer, NJ	1650
Middlesex, NJ	2098
Monmouth, NJ	702
Morris, NJ	467
Ocean, NJ	498
Passaic, NJ	2625
Salem, NJ	106
Somerset, NJ	352
Sussex, NJ	85
Union, NJ	3501
Warren, NJ	70
NEW MEXICO	6723
Bernalillo, NM	4590
Catron, NM	0
Chaves, NM	156
Cibola, NM	57
Colfax, NM	11
Curry, NM	88
De Baca, NM	0
Dona Ana, NM	263
Eddy, NM	85
Grant, NM	31
Guadalupe, NM	0
Harding, NM	0
Hidalgo, NM	9
Lea, NM	86
Lincoln, NM	35
Los Alamos, NM	13
Luna, NM	116
McKinley, NM	147
Mora, NM	4
Otero, NM	51
Quay, NM	10
Rio Arriba, NM	3
Roosevelt, NM	27
Sandoval, NM	116
San Juan, NM	223
San Miguel, NM	62
Santa Fe, NM	294
Sierra, NM	13
Socorro, NM	22
Taos, NM	23
Torrance, NM	23
Union, NM	2
Valencia, NM	163
NEW YORK	44662
Albany, NY	620
Allegany, NY	19
Bronx, NY	0
Broome, NY	142
Cattaraugus, NY	40
Cayuga, NY	26
Chautauqua, NY	149
Chemung, NY	59
Chenango, NY	18
Clinton, NY	42
Columbia, NY	34
Cortland, NY	32
Delaware, NY	10
Dutchess, NY	274
Erie, NY	3306
Essex, NY	18
Franklin, NY	31
Fulton, NY	49
Genesee, NY	43
Greene, NY	24
Hamilton, NY	0
Herkimer, NY	33
Jefferson, NY	39
Kings, NY	23657
Lewis, NY	14
Livingston, NY	30
Madison, NY	26
Monroe, NY	4461
Montgomery, NY	10
Nassau, NY	2609
New York, NY	0
Niagara, NY	498
Oneida, NY	266
Onondaga, NY	1360
Ontario, NY	71
Orange, NY	378
Orleans, NY	26
Oswego, NY	65
Otsego, NY	16
Putnam, NY	46
Queens, NY	0
Rensselaer, NY	244
Richmond, NY	0
Rockland, NY	186
St. Lawrence, NY	68
Saratoga, NY	98
Schenectady, NY	168
Schoharie, NY	24
Schuyler, NY	7
Seneca, NY	7
Steuben, NY	47
Suffolk, NY	2978
Sullivan, NY	78
Tioga, NY	24
Tompkins, NY	34
Ulster, NY	208
Warren, NY	34
Washington, NY	17
Wayne, NY	57
Westchester, NY	1813
Wyoming, NY	24
Yates, NY	5
NORTH CAROLINA	25723
Alamance, NC	258
Alexander, NC	74
Alleghany, NC	4
Anson, NC	58
Ashe, NC	26
Avery, NC	21
Beaufort, NC	59
Bertie, NC	10
Bladen, NC	64
Brunswick, NC	176
Buncombe, NC	577
Burke, NC	130
Cabarrus, NC	237
Caldwell, NC	115
Camden, NC	1
Carteret, NC	72
Caswell, NC	40
Catawba, NC	339
Chatham, NC	100
Cherokee, NC	50
Chowan, NC	29
Clay, NC	7
Cleveland, NC	189
Columbus, NC	134
Craven, NC	120
Cumberland, NC	1094
Currituck, NC	22
Dare, NC	59
Davidson, NC	338
Davie, NC	30
Duplin, NC	132
Durham, NC	1147
Edgecombe, NC	142
Forsyth, NC	1411
Franklin, NC	62
Gaston, NC	619
Gates, NC	1
Graham, NC	0
Granville, NC	99
Greene, NC	33
Guilford, NC	1813
Halifax, NC	147
Harnett, NC	318
Haywood, NC	98
Henderson, NC	141
Hertford, NC	35
Hoke, NC	85
Hyde, NC	0
Iredell, NC	211
Jackson, NC	45
Johnston, NC	385
Jones, NC	6
Lee, NC	153
Lenoir, NC	112
Lincoln, NC	69
McDowell, NC	55
Macon, NC	48
Madison, NC	18
Martin, NC	48
Mecklenburg, NC	7032
Mitchell, NC	0
Montgomery, NC	44
Moore, NC	139
Nash, NC	278
New Hanover, NC	721
Northampton, NC	14
Onslow, NC	106
Orange, NC	247
Pamlico, NC	19
Pasquotank, NC	61
Pender, NC	74
Perquimans, NC	14
Person, NC	44
Pitt, NC	359
Polk, NC	24
Randolph, NC	298
Richmond, NC	93
Robeson, NC	348
Rockingham, NC	157
Rowan, NC	254
Rutherford, NC	148
Sampson, NC	69
Scotland, NC	78
Stanly, NC	63
Stokes, NC	75
Surry, NC	167
Swain, NC	16
Transylvania, NC	21
Tyrrell, NC	3
Union, NC	151
Vance, NC	158
Wake, NC	1813
Warren, NC	23
Washington, NC	7
Watauga, NC	63
Wayne, NC	289
Wilkes, NC	81
Wilson, NC	245
Yadkin, NC	60
Yancey, NC	1
NORTH DAKOTA	978
Adams, ND	1
Barnes, ND	13
Benson, ND	0
Billings, ND	0
Bottineau, ND	13
Bowman, ND	0
Burke, ND	1
Burleigh, ND	104
Cass, ND	244
Cavalier, ND	5
Dickey, ND	4
Divide, ND	0
Dunn, ND	0
Eddy, ND	1
Emmons, ND	2
Foster, ND	0
Golden Valley, ND	0
Grand Forks, ND	136
Grant, ND	3
Griggs, ND	0
Hettinger, ND	0
Kidder, ND	5
LaMoure, ND	1
Logan, ND	0
McHenry, ND	4
McIntosh, ND	0
McKenzie, ND	2
McLean, ND	6
Mercer, ND	5
Morton, ND	38
Mountrail, ND	6
Nelson, ND	0
Oliver, ND	0
Pembina, ND	6
Pierce, ND	5
Ramsey, ND	19
Ransom, ND	1
Renville, ND	0
Richland, ND	30
Rolette, ND	3
Sargent, ND	3
Sheridan, ND	0
Sioux, ND	0
Slope, ND	0
Stark, ND	34
Steele, ND	0
Stutsman, ND	31
Towner, ND	2
Traill, ND	19
Walsh, ND	28
Ward, ND	141
Wells, ND	4
Williams, ND	58
OHIO	37323
Adams, OH	9
Allen, OH	191
Ashland, OH	26
Ashtabula, OH	18
Athens, OH	44
Auglaize, OH	8
Belmont, OH	58
Brown, OH	39
Butler, OH	936
Carroll, OH	21
Champaign, OH	45
Clark, OH	813
Clermont, OH	196
Clinton, OH	13
Columbiana, OH	44
Coshocton, OH	26
Crawford, OH	31
Cuyahoga, OH	6343
Darke, OH	33
Defiance, OH	24
Delaware, OH	188
Erie, OH	104
Fairfield, OH	272
Fayette, OH	43
Franklin, OH	9379
Fulton, OH	57
Gallia, OH	63
Geauga, OH	33
Greene, OH	273
Guernsey, OH	59
Hamilton, OH	4502
Hancock, OH	49
Hardin, OH	38
Harrison, OH	20
Henry, OH	1
Highland, OH	49
Hocking, OH	88
Holmes, OH	12
Huron, OH	53
Jackson, OH	48
Jefferson, OH	103
Knox, OH	0
Lake, OH	254
Lawrence, OH	20
Licking, OH	204
Logan, OH	44
Lorain, OH	226
Lucas, OH	3392
Madison, OH	30
Mahoning, OH	864
Marion, OH	109
Medina, OH	17
Meigs, OH	12
Mercer, OH	31
Miami, OH	101
Monroe, OH	3
Montgomery, OH	3460
Morgan, OH	20
Morrow, OH	51
Muskingum, OH	204
Noble, OH	0
Ottawa, OH	7
Paulding, OH	3
Perry, OH	65
Pickaway, OH	67
Pike, OH	11
Portage, OH	100
Preble, OH	39
Putnam, OH	3
Richland, OH	238
Ross, OH	109
Sandusky, OH	51
Scioto, OH	167
Seneca, OH	21
Shelby, OH	9
Stark, OH	348
Summit, OH	1619
Trumbull, OH	517
Tuscarawas, OH	79
Union, OH	16
Van Wert, OH	21
Vinton, OH	30
Warren, OH	159
Washington, OH	47
Wayne, OH	34
Williams, OH	38
Wood, OH	128
Wyandot, OH	3
OKLAHOMA	12958
Adair, OK	46
Alfalfa, OK	2
Atoka, OK	23
Beaver, OK	5
Beckham, OK	19
Blaine, OK	8
Bryan, OK	162
Caddo, OK	59
Canadian, OK	317
Carter, OK	127
Cherokee, OK	86
Choctaw, OK	31
Cimarron, OK	3
Cleveland, OK	785
Coal, OK	5
Comanche, OK	291
Cotton, OK	5
Craig, OK	19
Creek, OK	170
Custer, OK	27
Delaware, OK	58
Dewey, OK	7
Ellis, OK	4
Garfield, OK	111
Garvin, OK	47
Grady, OK	90
Grant, OK	5
Greer, OK	4
Harmon, OK	5
Harper, OK	4
Haskell, OK	23
Hughes, OK	33
Jackson, OK	51
Jefferson, OK	14
Johnston, OK	14
Kay, OK	122
Kingfisher, OK	17
Kiowa, OK	20
Latimer, OK	30
Le Flore, OK	71
Lincoln, OK	44
Logan, OK	24
Love, OK	20
McClain, OK	57
McCurtain, OK	63
McIntosh, OK	52
Major, OK	3
Marshall, OK	24
Mayes, OK	78
Murray, OK	22
Muskogee, OK	210
Noble, OK	11
Nowata, OK	13
Okfuskee, OK	18
Oklahoma, OK	3902
Okmulgee, OK	90
Osage, OK	121
Ottawa, OK	42
Pawnee, OK	27
Payne, OK	101
Pittsburg, OK	152
Pontotoc, OK	60
Pottawatomie, OK	217
Pushmataha, OK	26
Roger Mills, OK	0
Rogers, OK	139
Seminole, OK	62
Sequoyah, OK	47
Stephens, OK	48
Texas, OK	25
Tillman, OK	2
Tulsa, OK	4023
Wagoner, OK	158
Washington, OK	123
Washita, OK	7
Woods, OK	8
Woodward, OK	19
OREGON	18685
Baker, OR	23
Benton, OR	181
Clackamas, OR	1484
Clatsop, OR	88
Columbia, OR	45
Coos, OR	61
Crook, OR	36
Curry, OR	32
Deschutes, OR	400
Douglas, OR	234
Gilliam, OR	4
Grant, OR	3
Harney, OR	6
Hood River, OR	3
Jackson, OR	464
Jefferson, OR	46
Josephine, OR	305
Klamath, OR	134
Lake, OR	9
Lane, OR	1860
Lincoln, OR	156
Linn, OR	598
Malheur, OR	63
Marion, OR	2690
Morrow, OR	16
Multnomah, OR	7240
Polk, OR	326
Sherman, OR	1
Tillamook, OR	56
Umatilla, OR	173
Union, OR	31
Wallowa, OR	3
Wasco, OR	54
Washington, OR	1694
Wheeler, OR	1
Yamhill, OR	165
PENNSYLVANIA	31165
Adams, PA	77
Allegheny, PA	4015
Armstrong, PA	60
Beaver, PA	191
Bedford, PA	35
Berks, PA	1426
Blair, PA	132
Bradford, PA	56
Bucks, PA	852
Butler, PA	119
Cambria, PA	150
Cameron, PA	8
Carbon, PA	52
Centre, PA	70
Chester, PA	421
Clarion, PA	20
Clearfield, PA	85
Clinton, PA	20
Columbia, PA	49
Crawford, PA	83
Cumberland, PA	178
Dauphin, PA	351
Delaware, PA	1348
Elk, PA	43
Erie, PA	285
Fayette, PA	360
Forest, PA	5
Franklin, PA	157
Fulton, PA	5
Greene, PA	33
Huntingdon, PA	15
Indiana, PA	83
Jefferson, PA	40
Juniata, PA	9
Lackawanna, PA	287
Lancaster, PA	826
Lawrence, PA	156
Lebanon, PA	142
Lehigh, PA	939
Luzerne, PA	447
Lycoming, PA	143
McKean, PA	35
Mercer, PA	135
Mifflin, PA	26
Monroe, PA	243
Montgomery, PA	1083
Montour, PA	9
Northampton, PA	322
Northumberland, PA	51
Perry, PA	37
Philadelphia, PA	13934
Pike, PA	36
Potter, PA	17
Schuylkill, PA	157
Snyder, PA	38
Somerset, PA	52
Sullivan, PA	6
Susquehanna, PA	52
Tioga, PA	30
Union, PA	11
Venango, PA	57
Warren, PA	26
Washington, PA	156
Wayne, PA	53
Westmoreland, PA	449
Wyoming, PA	38
York, PA	339
RHODE ISLAND	4387
Bristol, RI	41
Kent, RI	259
Newport, RI	125
Providence, RI	3855
Washington, RI	98
SOUTH CAROLINA	15779
Abbeville, SC	42
Aiken, SC	428
Allendale, SC	22
Anderson, SC	648
Bamberg, SC	40
Barnwell, SC	28
Beaufort, SC	400
Berkeley, SC	495
Calhoun, SC	39
Charleston, SC	2038
Cherokee, SC	150
Chester, SC	92
Chesterfield, SC	83
Clarendon, SC	46
Colleton, SC	151
Darlington, SC	238
Dillon, SC	151
Dorchester, SC	302
Edgefield, SC	39
Fairfield, SC	49
Florence, SC	529
Georgetown, SC	145
Greenville, SC	1190
Greenwood, SC	168
Hampton, SC	28
Horry, SC	1480
Jasper, SC	105
Kershaw, SC	161
Lancaster, SC	129
Laurens, SC	181
Lee, SC	59
Lexington, SC	810
McCormick, SC	14
Marion, SC	142
Marlboro, SC	79
Newberry, SC	23
Oconee, SC	157
Orangeburg, SC	441
Pickens, SC	200
Richland, SC	1942
Saluda, SC	14
Spartanburg, SC	1006
Sumter, SC	608
Union, SC	38
Williamsburg, SC	94
York, SC	555
SOUTH DAKOTA	827
Aurora, SD	0
Beadle, SD	1
Bennett, SD	0
Bon Homme, SD	1
Brookings, SD	21
Brown, SD	32
Brule, SD	0
Buffalo, SD	0
Butte, SD	5
Campbell, SD	0
Charles Mix, SD	4
Clark, SD	2
Clay, SD	8
Codington, SD	39
Corson, SD	0
Custer, SD	8
Davison, SD	19
Day, SD	2
Deuel, SD	2
Dewey, SD	3
Douglas, SD	0
Edmunds, SD	4
Fall River, SD	7
Faulk, SD	0
Grant, SD	2
Gregory, SD	0
Haakon, SD	0
Hamlin, SD	2
Hand, SD	2
Hanson, SD	0
Harding, SD	1
Hughes, SD	27
Hutchinson, SD	0
Hyde, SD	3
Jackson, SD	1
Jerauld, SD	0
Jones, SD	0
Kingsbury, SD	3
Lake, SD	11
Lawrence, SD	18
Lincoln, SD	23
Lyman, SD	2
McCook, SD	7
McPherson, SD	0
Marshall, SD	2
Meade, SD	41
Mellette, SD	0
Miner, SD	2
Minnehaha, SD	269
Moody, SD	2
Pennington, SD	177
Perkins, SD	1
Potter, SD	1
Roberts, SD	22
Sanborn, SD	2
Shannon, SD	0
Spink, SD	1
Stanley, SD	1
Sully, SD	0
Todd, SD	0
Tripp, SD	15
Turner, SD	4
Union, SD	5
Walworth, SD	10
Yankton, SD	11
Ziebach, SD	1
TENNESSEE	26440
Anderson, TN	245
Bedford, TN	65
Benton, TN	29
Bledsoe, TN	23
Blount, TN	266
Bradley, TN	243
Campbell, TN	98
Cannon, TN	24
Carroll, TN	51
Carter, TN	143
Cheatham, TN	87
Chester, TN	21
Claiborne, TN	48
Clay, TN	10
Cocke, TN	191
Coffee, TN	134
Crockett, TN	16
Cumberland, TN	135
Davidson, TN	4832
Decatur, TN	41
DeKalb, TN	48
Dickson, TN	116
Dyer, TN	86
Fayette, TN	83
Fentress, TN	46
Franklin, TN	87
Gibson, TN	75
Giles, TN	38
Grainger, TN	32
Greene, TN	188
Grundy, TN	23
Hamblen, TN	218
Hamilton, TN	1768
Hancock, TN	6
Hardeman, TN	109
Hardin, TN	62
Hawkins, TN	109
Haywood, TN	48
Henderson, TN	85
Henry, TN	52
Hickman, TN	29
Houston, TN	5
Humphreys, TN	27
Jackson, TN	6
Jefferson, TN	164
Johnson, TN	19
Knox, TN	1814
Lake, TN	3
Lauderdale, TN	71
Lawrence, TN	85
Lewis, TN	14
Lincoln, TN	50
Loudon, TN	79
McMinn, TN	175
McNairy, TN	67
Macon, TN	13
Madison, TN	471
Marion, TN	136
Marshall, TN	36
Maury, TN	185
Meigs, TN	27
Monroe, TN	126
Montgomery, TN	271
Moore, TN	6
Morgan, TN	26
Obion, TN	70
Overton, TN	23
Perry, TN	19
Pickett, TN	2
Polk, TN	16
Putnam, TN	162
Rhea, TN	47
Roane, TN	151
Robertson, TN	134
Rutherford, TN	535
Scott, TN	38
Sequatchie, TN	48
Sevier, TN	339
Shelby, TN	9167
Smith, TN	31
Stewart, TN	11
Sullivan, TN	380
Sumner, TN	231
Tipton, TN	155
Trousdale, TN	5
Unicoi, TN	22
Union, TN	30
Van Buren, TN	22
Warren, TN	125
Washington, TN	338
Wayne, TN	32
Weakley, TN	28
White, TN	55
Williamson, TN	121
Wilson, TN	217
TEXAS	98134
Anderson, TX	84
Andrews, TX	12
Angelina, TX	171
Aransas, TX	36
Archer, TX	6
Armstrong, TX	5
Atascosa, TX	40
Austin, TX	42
Bailey, TX	10
Bandera, TX	16
Bastrop, TX	113
Baylor, TX	3
Bee, TX	22
Bell, TX	610
Bexar, TX	6875
Blanco, TX	8
Borden, TX	0
Bosque, TX	18
Bowie, TX	329
Brazoria, TX	399
Brazos, TX	311
Brewster, TX	1
Briscoe, TX	0
Brooks, TX	7
Brown, TX	143
Burleson, TX	20
Burnet, TX	65
Caldwell, TX	30
Calhoun, TX	31
Callahan, TX	7
Cameron, TX	896
Camp, TX	27
Carson, TX	1
Cass, TX	68
Castro, TX	14
Chambers, TX	47
Cherokee, TX	87
Childress, TX	10
Clay, TX	20
Cochran, TX	1
Coke, TX	0
Coleman, TX	14
Collin, TX	1819
Collingsworth, TX	2
Colorado, TX	16
Comal, TX	126
Comanche, TX	24
Concho, TX	0
Cooke, TX	117
Coryell, TX	64
Cottle, TX	0
Crane, TX	8
Crockett, TX	3
Crosby, TX	5
Culberson, TX	3
Dallam, TX	6
Dallas, TX	22504
Dawson, TX	12
Deaf Smith, TX	25
Delta, TX	7
Denton, TX	1570
DeWitt, TX	9
Dickens, TX	0
Dimmit, TX	16
Donley, TX	1
Duval, TX	24
Eastland, TX	35
Ector, TX	285
Edwards, TX	3
Ellis, TX	277
El Paso, TX	2114
Erath, TX	34
Falls, TX	23
Fannin, TX	45
Fayette, TX	15
Fisher, TX	5
Floyd, TX	11
Foard, TX	0
Fort Bend, TX	1000
Franklin, TX	14
Freestone, TX	30
Frio, TX	14
Gaines, TX	12
Galveston, TX	1069
Garza, TX	6
Gillespie, TX	13
Glasscock, TX	0
Goliad, TX	1
Gonzales, TX	9
Gray, TX	45
Grayson, TX	245
Gregg, TX	590
Grimes, TX	38
Guadalupe, TX	122
Hale, TX	35
Hall, TX	3
Hamilton, TX	9
Hansford, TX	3
Hardeman, TX	7
Hardin, TX	86
Harris, TX	27498
Harrison, TX	148
Hartley, TX	3
Haskell, TX	6
Hays, TX	226
Hemphill, TX	3
Henderson, TX	249
Hidalgo, TX	2363
Hill, TX	63
Hockley, TX	27
Hood, TX	91
Hopkins, TX	39
Houston, TX	23
Howard, TX	50
Hudspeth, TX	8
Hunt, TX	276
Hutchinson, TX	40
Irion, TX	0
Jack, TX	7
Jackson, TX	13
Jasper, TX	22
Jeff Davis, TX	0
Jefferson, TX	966
Jim Hogg, TX	1
Jim Wells, TX	97
Johnson, TX	390
Jones, TX	28
Karnes, TX	5
Kaufman, TX	341
Kendall, TX	20
Kenedy, TX	1
Kent, TX	1
Kerr, TX	46
Kimble, TX	2
King, TX	0
Kinney, TX	0
Kleberg, TX	44
Knox, TX	5
Lamar, TX	119
Lamb, TX	16
Lampasas, TX	21
La Salle, TX	10
Lavaca, TX	9
Lee, TX	21
Leon, TX	19
Liberty, TX	224
Limestone, TX	39
Lipscomb, TX	0
Live Oak, TX	1
Llano, TX	9
Loving, TX	0
Lubbock, TX	779
Lynn, TX	6
McCulloch, TX	6
McLennan, TX	817
McMullen, TX	0
Madison, TX	20
Marion, TX	35
Martin, TX	1
Mason, TX	0
Matagorda, TX	55
Maverick, TX	83
Medina, TX	47
Menard, TX	0
Midland, TX	218
Milam, TX	39
Mills, TX	3
Mitchell, TX	2
Montague, TX	32
Montgomery, TX	739
Moore, TX	14
Morris, TX	18
Motley, TX	1
Nacogdoches, TX	82
Navarro, TX	118
Newton, TX	8
Nolan, TX	25
Nueces, TX	1355
Ochiltree, TX	11
Oldham, TX	2
Orange, TX	271
Palo Pinto, TX	43
Panola, TX	46
Parker, TX	165
Parmer, TX	4
Pecos, TX	12
Polk, TX	84
Potter, TX	532
Presidio, TX	4
Rains, TX	13
Randall, TX	432
Reagan, TX	4
Real, TX	1
Red River, TX	15
Reeves, TX	10
Refugio, TX	7
Roberts, TX	2
Robertson, TX	11
Rockwall, TX	127
Runnels, TX	11
Rusk, TX	120
Sabine, TX	10
San Augustine, TX	3
San Jacinto, TX	33
San Patricio, TX	113
San Saba, TX	4
Schleicher, TX	4
Scurry, TX	15
Shackelford, TX	3
Shelby, TX	70
Sherman, TX	3
Smith, TX	468
Somervell, TX	8
Starr, TX	133
Stephens, TX	14
Sterling, TX	1
Stonewall, TX	1
Sutton, TX	1
Swisher, TX	11
Tarrant, TX	7206
Taylor, TX	312
Terrell, TX	0
Terry, TX	14
Throckmorton, TX	0
Titus, TX	63
Tom Green, TX	253
Travis, TX	3047
Trinity, TX	25
Tyler, TX	8
Upshur, TX	77
Upton, TX	4
Uvalde, TX	51
Val Verde, TX	86
Van Zandt, TX	154
Victoria, TX	250
Walker, TX	97
Waller, TX	124
Ward, TX	6
Washington, TX	43
Webb, TX	1009
Wharton, TX	75
Wheeler, TX	5
Wichita, TX	629
Wilbarger, TX	25
Willacy, TX	16
Williamson, TX	335
Wilson, TX	29
Winkler, TX	7
Wise, TX	26
Wood, TX	10
Yoakum, TX	1
Young, TX	20
Zapata, TX	43
Zavala, TX	11
UTAH	7519
Beaver, UT	6
Box Elder, UT	63
Cache, UT	68
Carbon, UT	40
Daggett, UT	0
Davis, UT	440
Duchesne, UT	18
Emery, UT	5
Garfield, UT	0
Grand, UT	15
Iron, UT	70
Juab, UT	9
Kane, UT	1
Millard, UT	37
Morgan, UT	7
Piute, UT	0
Rich, UT	2
Salt Lake, UT	5059
San Juan, UT	13
Sanpete, UT	21
Sevier, UT	37
Summit, UT	39
Tooele, UT	85
Uintah, UT	34
Utah, UT	691
Wasatch, UT	13
Washington, UT	114
Wayne, UT	1
Weber, UT	631
VERMONT	642
Addison, VT	33
Bennington, VT	39
Caledonia, VT	48
Chittenden, VT	132
Essex, VT	0
Franklin, VT	106
Grand Isle, VT	1
Lamoille, VT	27
Orange, VT	13
Orleans, VT	39
Rutland, VT	66
Washington, VT	46
Windham, VT	67
Windsor, VT	25
VIRGINIA	17669
Accomack, VA	59
Albemarle, VA	90
Alleghany, VA	17
Amelia, VA	8
Amherst, VA	33
Appomattox, VA	6
Arlington, VA	656
Augusta, VA	68
Bath, VA	0
Bedford, VA	52
Bland, VA	7
Botetourt, VA	22
Brunswick, VA	15
Buchanan, VA	61
Buckingham, VA	3
Campbell, VA	39
Caroline, VA	25
Carroll, VA	42
Charles City, VA	3
Charlotte, VA	14
Chesterfield, VA	453
Clarke, VA	20
Craig, VA	0
Culpeper, VA	29
Cumberland, VA	4
Dickenson, VA	7
Dinwiddie, VA	23
Essex, VA	9
Fairfax, VA	1505
Fauquier, VA	57
Floyd, VA	16
Fluvanna, VA	15
Franklin, VA	59
Frederick, VA	90
Giles, VA	6
Gloucester, VA	24
Goochland, VA	15
Grayson, VA	12
Greene, VA	8
Greensville, VA	17
Halifax, VA	30
Hanover, VA	100
Henrico, VA	739
Henry, VA	108
Highland, VA	0
Isle of Wight, VA	42
James City, VA	78
King and Queen, VA	0
King George, VA	25
King William, VA	9
Lancaster, VA	9
Lee, VA	18
Loudoun, VA	250
Louisa, VA	13
Lunenburg, VA	15
Madison, VA	1
Mathews, VA	8
Mecklenburg, VA	40
Middlesex, VA	4
Montgomery, VA	104
Nelson, VA	26
New Kent, VA	9
Northampton, VA	8
Northumberland, VA	13
Nottoway, VA	14
Orange, VA	36
Page, VA	5
Patrick, VA	37
Pittsylvania, VA	76
Powhatan, VA	21
Prince Edward, VA	7
Prince George, VA	19
Prince William, VA	819
Pulaski, VA	36
Rappahannock, VA	0
Richmond, VA	13
Roanoke, VA	119
Rockbridge, VA	4
Rockingham, VA	45
Russell, VA	34
Scott, VA	28
Shenandoah, VA	26
Smyth, VA	40
Southampton, VA	22
Spotsylvania, VA	93
Stafford, VA	150
Surry, VA	1
Sussex, VA	10
Tazewell, VA	62
Warren, VA	54
Washington, VA	92
Westmoreland, VA	29
Wise, VA	58
Wythe, VA	63
York, VA	44
Alexandria, VA	613
Bedford, VA	8
Bristol, VA	24
Buena Vista, VA	2
Charlottesville, VA	151
Chesapeake, VA	597
Clifton Forge, VA	0
Colonial Heights, VA	27
Covington, VA	19
Danville, VA	138
Emporia, VA	15
Fairfax, VA	35
Falls Church, VA	42
Franklin, VA	26
Fredericksburg, VA	82
Galax, VA	15
Hampton, VA	563
Harrisonburg, VA	71
Hopewell, VA	90
Lexington, VA	3
Lynchburg, VA	163
Manassas, VA	134
Manassas Park, VA	46
Martinsville, VA	28
Newport News, VA	984
Norfolk, VA	1461
Norton, VA	9
Petersburg, VA	226
Poquoson, VA	6
Portsmouth, VA	501
Radford, VA	3
Richmond, VA	2746
Roanoke, VA	383
Salem, VA	37
South Boston, VA	0
Staunton, VA	54
Suffolk, VA	160
Virginia Beach, VA	807
Waynesboro, VA	39
Williamsburg, VA	13
Winchester, VA	53
WASHINGTON	40346
Adams, WA	77
Asotin, WA	50
Benton, WA	259
Chelan, WA	124
Clallam, WA	106
Clark, WA	2011
Columbia, WA	2
Cowlitz, WA	762
Douglas, WA	51
Ferry, WA	2
Franklin, WA	136
Garfield, WA	3
Grant, WA	225
Grays Harbor, WA	194
Island, WA	39
Jefferson, WA	26
King, WA	19038
Kitsap, WA	583
Kittitas, WA	74
Klickitat, WA	23
Lewis, WA	292
Lincoln, WA	12
Mason, WA	301
Okanogan, WA	57
Pacific, WA	45
Pend Oreille, WA	39
Pierce, WA	5942
San Juan, WA	13
Skagit, WA	424
Skamania, WA	18
Snohomish, WA	4480
Spokane, WA	2245
Stevens, WA	70
Thurston, WA	594
Wahkiakum, WA	6
Walla Walla, WA	113
Whatcom, WA	506
Whitman, WA	39
Yakima, WA	1365
WEST VIRGINIA	2999
Barbour, WV	7
Berkeley, WV	189
Boone, WV	20
Braxton, WV	24
Brooke, WV	19
Cabell, WV	383
Calhoun, WV	3
Clay, WV	15
Doddridge, WV	5
Fayette, WV	45
Gilmer, WV	8
Grant, WV	4
Greenbrier, WV	20
Hampshire, WV	26
Hancock, WV	41
Hardy, WV	14
Harrison, WV	41
Jackson, WV	37
Jefferson, WV	46
Kanawha, WV	560
Lewis, WV	12
Lincoln, WV	64
Logan, WV	140
McDowell, WV	41
Marion, WV	44
Marshall, WV	23
Mason, WV	61
Mercer, WV	148
Mineral, WV	29
Mingo, WV	59
Monongalia, WV	149
Monroe, WV	5
Morgan, WV	25
Nicholas, WV	52
Ohio, WV	16
Pendleton, WV	5
Pleasants, WV	1
Pocahontas, WV	7
Preston, WV	24
Putnam, WV	96
Raleigh, WV	45
Randolph, WV	44
Ritchie, WV	16
Roane, WV	16
Summers, WV	16
Taylor, WV	3
Tucker, WV	2
Tyler, WV	1
Upshur, WV	21
Wayne, WV	151
Webster, WV	9
Wetzel, WV	9
Wirt, WV	11
Wood, WV	137
Wyoming, WV	10
WISCONSIN	12222
Adams, WI	2
Ashland, WI	18
Barron, WI	45
Bayfield, WI	16
Brown, WI	372
Buffalo, WI	10
Burnett, WI	35
Calumet, WI	24
Chippewa, WI	66
Clark, WI	22
Columbia, WI	36
Crawford, WI	12
Dane, WI	824
Dodge, WI	53
Door, WI	11
Douglas, WI	88
Dunn, WI	55
Eau Claire, WI	131
Florence, WI	5
Fond du Lac, WI	98
Forest, WI	23
Grant, WI	29
Green, WI	30
Green Lake, WI	14
Iowa, WI	14
Iron, WI	9
Jackson, WI	27
Jefferson, WI	53
Juneau, WI	34
Kenosha, WI	269
Kewaunee, WI	7
La Crosse, WI	101
Lafayette, WI	29
Langlade, WI	22
Lincoln, WI	31
Manitowoc, WI	68
Marathon, WI	147
Marinette, WI	42
Marquette, WI	15
Menominee, WI	37
Milwaukee, WI	6918
Monroe, WI	25
Oconto, WI	54
Oneida, WI	33
Outagamie, WI	138
Ozaukee, WI	28
Pepin, WI	8
Pierce, WI	47
Polk, WI	37
Portage, WI	62
Price, WI	5
Racine, WI	513
Richland, WI	11
Rock, WI	264
Rusk, WI	19
St. Croix, WI	91
Sauk, WI	72
Sawyer, WI	56
Shawano, WI	34
Sheboygan, WI	133
Taylor, WI	8
Trempealeau, WI	23
Vernon, WI	19
Vilas, WI	42
Walworth, WI	83
Washburn, WI	13
Washington, WI	87
Waukesha, WI	211
Waupaca, WI	46
Waushara, WI	14
Winnebago, WI	130
Wood, WI	74
WYOMING	784
Albany, WY	55
Big Horn, WY	3
Campbell, WY	44
Carbon, WY	17
Converse, WY	11
Crook, WY	1
Fremont, WY	46
Goshen, WY	13
Hot Springs, WY	5
Johnson, WY	7
Laramie, WY	145
Lincoln, WY	15
Natrona, WY	226
Niobrara, WY	0
Park, WY	12
Platte, WY	16
Sheridan, WY	35
Sublette, WY	13
Sweetwater, WY	67
Teton, WY	23
Uinta, WY	25
Washakie, WY	2
Weston, WY	3